-- phpMyAdmin SQL Dump
-- version 5.1.1
-- https://www.phpmyadmin.net/
--
-- Host: 127.0.0.1
-- Gegenereerd op: 21 apr 2022 om 11:25
-- Serverversie: 10.4.21-MariaDB
-- PHP-versie: 7.4.23

SET SQL_MODE = "NO_AUTO_VALUE_ON_ZERO";
START TRANSACTION;
SET time_zone = "+00:00";


/*!40101 SET @OLD_CHARACTER_SET_CLIENT=@@CHARACTER_SET_CLIENT */;
/*!40101 SET @OLD_CHARACTER_SET_RESULTS=@@CHARACTER_SET_RESULTS */;
/*!40101 SET @OLD_COLLATION_CONNECTION=@@COLLATION_CONNECTION */;
/*!40101 SET NAMES utf8mb4 */;

--
-- Database: `p3/php`
--

-- --------------------------------------------------------

--
-- Tabelstructuur voor tabel `category`
--

CREATE TABLE `category` (
  `category_id` int(10) UNSIGNED NOT NULL,
  `name` varchar(255) CHARACTER SET utf8 NOT NULL,
  `description` text CHARACTER SET utf8 NOT NULL,
  `active` tinyint(1) NOT NULL
) ENGINE=InnoDB DEFAULT CHARSET=utf8mb4;

--
-- Gegevens worden geëxporteerd voor tabel `category`
--

INSERT INTO `category` (`category_id`, `name`, `description`, `active`) VALUES
(1, 'tafellamp', 'Tafellampen zijn binnenlampen voor op tafel.', 1),
(2, 'buitenlamp', 'buitenlampen zijn buitenlampen voor op tafel.', 1),
(3, 'designlamp', 'designlampen zijn designlampen voor op tafel.', 1),
(4, 'bureaulamp', 'bureaulampen zijn bureaulampen voor op tafel.', 1);

-- --------------------------------------------------------

--
-- Tabelstructuur voor tabel `product`
--

CREATE TABLE `product` (
  `product_id` int(11) UNSIGNED NOT NULL,
  `name` varchar(255) NOT NULL,
  `description` text NOT NULL,
  `category_id` int(10) UNSIGNED DEFAULT NULL,
  `price` decimal(10,0) NOT NULL,
  `color` varchar(255) NOT NULL,
  `weight` decimal(10,0) NOT NULL,
  `active` tinyint(1) NOT NULL
) ENGINE=InnoDB DEFAULT CHARSET=utf8mb4;

--
-- Gegevens worden geëxporteerd voor tabel `product`
--

INSERT INTO `product` (`product_id`, `name`, `description`, `category_id`, `price`, `color`, `weight`, `active`) VALUES
(1, 'Arstid', 'De lampenkap van textiel geeft een zacht en decoratief licht.\r\n<br><br>\r\nLichtbron wordt apart verkocht. IKEA adviseert de led-lamp E27 globevorm opaalwit.\r\n<br><b>\r\nGebruik een opalen lichtbron als je een gewone lampenkap of lamp hebt en je een gelijkmatig, gespreid licht wilt.\r\n<br><br>\r\nVoorzien van trekschakelaar.\r\n<br><br>\r\nDit product is CE-gecertificeerd.\r\n\r\nGoed te completeren met andere lampen uit dezelfde serie.', 1, '40', 'wit', '300', 1),
(2, 'buitenlamp', 'De lampenkap van textiel geeft een zacht en decoratief licht.\r\n<br><br>\r\nLichtbron wordt apart verkocht. IKEA adviseert de led-lamp E27 globevorm opaalwit.\r\n<br><b>\r\nGebruik een opalen lichtbron als je een gewone lampenkap of lamp hebt en je een gelijkmatig, gespreid licht wilt.\r\n<br><br>\r\nVoorzien van trekschakelaar.\r\n<br><br>\r\nDit product is CE-gecertificeerd.\r\n\r\nGoed te completeren met andere lampen uit dezelfde serie.', 2, '40', 'wit', '300', 1),
(3, 'gans-lamp', 'De lampenkap van textiel geeft een zacht en decoratief licht.\r\n<br><br>\r\nLichtbron wordt apart verkocht. IKEA adviseert de led-lamp E27 globevorm opaalwit.\r\n<br><b>\r\nGebruik een opalen lichtbron als je een gewone lampenkap of lamp hebt en je een gelijkmatig, gespreid licht wilt.\r\n<br><br>\r\nVoorzien van trekschakelaar.\r\n<br><br>\r\nDit product is CE-gecertificeerd.\r\n\r\nGoed te completeren met andere lampen uit dezelfde serie.', 4, '40', 'wit', '300', 1),
(4, 'giraf-lamp', 'De lampenkap van textiel geeft een zacht en decoratief licht.\r\n<br><br>\r\nLichtbron wordt apart verkocht. IKEA adviseert de led-lamp E27 globevorm opaalwit.\r\n<br><b>\r\nGebruik een opalen lichtbron als je een gewone lampenkap of lamp hebt en je een gelijkmatig, gespreid licht wilt.\r\n<br><br>\r\nVoorzien van trekschakelaar.\r\n<br><br>\r\nDit product is CE-gecertificeerd.\r\n\r\nGoed te completeren met andere lampen uit dezelfde serie.', 4, '40', 'wit', '300', 1),
(5, 'hektar', 'De lampenkap van textiel geeft een zacht en decoratief licht.\r\n<br><br>\r\nLichtbron wordt apart verkocht. IKEA adviseert de led-lamp E27 globevorm opaalwit.\r\n<br><b>\r\nGebruik een opalen lichtbron als je een gewone lampenkap of lamp hebt en je een gelijkmatig, gespreid licht wilt.\r\n<br><br>\r\nVoorzien van trekschakelaar.\r\n<br><br>\r\nDit product is CE-gecertificeerd.\r\n\r\nGoed te completeren met andere lampen uit dezelfde serie.', 4, '40', 'wit', '300', 1),
(6, 'jesse', 'De lampenkap van textiel geeft een zacht en decoratief licht.\r\n<br><br>\r\nLichtbron wordt apart verkocht. IKEA adviseert de led-lamp E27 globevorm opaalwit.\r\n<br><b>\r\nGebruik een opalen lichtbron als je een gewone lampenkap of lamp hebt en je een gelijkmatig, gespreid licht wilt.\r\n<br><br>\r\nVoorzien van trekschakelaar.\r\n<br><br>\r\nDit product is CE-gecertificeerd.\r\n\r\nGoed te completeren met andere lampen uit dezelfde serie.', 3, '40', 'wit', '300', 1),
(7, 'lampje', 'De lampenkap van textiel geeft een zacht en decoratief licht.\r\n<br><br>\r\nLichtbron wordt apart verkocht. IKEA adviseert de led-lamp E27 globevorm opaalwit.\r\n<br><b>\r\nGebruik een opalen lichtbron als je een gewone lampenkap of lamp hebt en je een gelijkmatig, gespreid licht wilt.\r\n<br><br>\r\nVoorzien van trekschakelaar.\r\n<br><br>\r\nDit product is CE-gecertificeerd.\r\n\r\nGoed te completeren met andere lampen uit dezelfde serie.', 4, '40', 'wit', '300', 1),
(8, 'llahra', 'De lampenkap van textiel geeft een zacht en decoratief licht.\r\n<br><br>\r\nLichtbron wordt apart verkocht. IKEA adviseert de led-lamp E27 globevorm opaalwit.\r\n<br><b>\r\nGebruik een opalen lichtbron als je een gewone lampenkap of lamp hebt en je een gelijkmatig, gespreid licht wilt.\r\n<br><br>\r\nVoorzien van trekschakelaar.\r\n<br><br>\r\nDit product is CE-gecertificeerd.\r\n\r\nGoed te completeren met andere lampen uit dezelfde serie.', 1, '40', 'wit', '300', 1),
(9, 'struisvogel-lamp', 'De lampenkap van textiel geeft een zacht en decoratief licht.\r\n<br><br>\r\nLichtbron wordt apart verkocht. IKEA adviseert de led-lamp E27 globevorm opaalwit.\r\n<br><b>\r\nGebruik een opalen lichtbron als je een gewone lampenkap of lamp hebt en je een gelijkmatig, gespreid licht wilt.\r\n<br><br>\r\nVoorzien van trekschakelaar.\r\n<br><br>\r\nDit product is CE-gecertificeerd.\r\n\r\nGoed te completeren met andere lampen uit dezelfde serie.', 3, '40', 'wit', '300', 1);

-- --------------------------------------------------------

--
-- Tabelstructuur voor tabel `product_image`
--

CREATE TABLE `product_image` (
  `product_image_id` int(10) UNSIGNED NOT NULL,
  `product_id` int(10) UNSIGNED NOT NULL,
  `image` text NOT NULL,
  `active` tinyint(1) NOT NULL
) ENGINE=InnoDB DEFAULT CHARSET=utf8mb4;

--
-- Gegevens worden geëxporteerd voor tabel `product_image`
--

INSERT INTO `product_image` (`product_image_id`, `product_id`, `image`, `active`) VALUES
(1, 1, 'arstid.jpg', 1),
(2, 2, 'buitenlamp.jpg', 1),
(3, 4, 'gans-lamp.jpg', 1),
(4, 4, 'giraf-lamp.jpg', 1),
(5, 4, 'hektar.jpg', 1),
(6, 3, 'jesse.jpg', 1),
(7, 4, 'lampje.jpg', 1),
(8, 4, 'llahra.jpg', 1),
(9, 3, 'struisvogel-lamp.jpg', 1),
(10, 2, 'buitenlamp2.jpg', 1),
(11, 4, 'giraf2.jpg', 1);

-- --------------------------------------------------------

--
-- Tabelstructuur voor tabel `users`
--

CREATE TABLE `users` (
  `id` int(11) NOT NULL,
  `user_name` varchar(255) NOT NULL,
  `email` varchar(255) NOT NULL,
  `password` varchar(255) NOT NULL
) ENGINE=InnoDB DEFAULT CHARSET=utf8mb4;

--
-- Gegevens worden geëxporteerd voor tabel `users`
--

INSERT INTO `users` (`id`, `user_name`, `email`, `password`) VALUES
(1, 'Rowan', '210548@student.glu.nl', 'Rowan'),
(2, 'Rowan2', '210548@student.glu.nl', 'Rowan'),
(3, 'Rowan3', '210548@student.glu.nl', 'Rowan'),
(4, 'Rowan4', '210548@student.glu.nl', 'Rowan'),
(5, 'Rowan5', '210548@student.glu.nl', 'Rowan');

--
-- Indexen voor geëxporteerde tabellen
--

--
-- Indexen voor tabel `category`
--
ALTER TABLE `category`
  ADD PRIMARY KEY (`category_id`);

--
-- Indexen voor tabel `product`
--
ALTER TABLE `product`
  ADD PRIMARY KEY (`product_id`);

--
-- Indexen voor tabel `product_image`
--
ALTER TABLE `product_image`
  ADD PRIMARY KEY (`product_image_id`);

--
-- Indexen voor tabel `users`
--
ALTER TABLE `users`
  ADD PRIMARY KEY (`id`);

--
-- AUTO_INCREMENT voor geëxporteerde tabellen
--

--
-- AUTO_INCREMENT voor een tabel `category`
--
ALTER TABLE `category`
  MODIFY `category_id` int(10) UNSIGNED NOT NULL AUTO_INCREMENT, AUTO_INCREMENT=5;

--
-- AUTO_INCREMENT voor een tabel `product`
--
ALTER TABLE `product`
  MODIFY `product_id` int(11) UNSIGNED NOT NULL AUTO_INCREMENT, AUTO_INCREMENT=20;

--
-- AUTO_INCREMENT voor een tabel `product_image`
--
ALTER TABLE `product_image`
  MODIFY `product_image_id` int(10) UNSIGNED NOT NULL AUTO_INCREMENT, AUTO_INCREMENT=12;

--
-- AUTO_INCREMENT voor een tabel `users`
--
ALTER TABLE `users`
  MODIFY `id` int(11) NOT NULL AUTO_INCREMENT, AUTO_INCREMENT=42;
COMMIT;

/*!40101 SET CHARACTER_SET_CLIENT=@OLD_CHARACTER_SET_CLIENT */;
/*!40101 SET CHARACTER_SET_RESULTS=@OLD_CHARACTER_SET_RESULTS */;
/*!40101 SET COLLATION_CONNECTION=@OLD_COLLATION_CONNECTION */;
